benchmark,job_id,kind,model,pair_type,style_category,task_type,clipI_content,clipI_style,clipT_gain,clipT_source,clipT_target,colorhist_content,colorhist_style,dino_content,dino_style,fourier_style,leak_clip_style,leak_dino_style,lpips_content,output,seconds,siglip_content,siglip_style
magicbrush,mb_140513,edit,flux_img2img,,,edit_mixed,0.5618733167648315,,,,0.2182786762714386,0.011308137535694474,,0.1440533846616745,,,,,0.47991999983787537,outputs/flux_img2img/mb_140513_flux_img2img_s0.png,7.9,0.6514848470687866,
magicbrush,mb_319096,edit,flux_img2img,,,edit_mixed,0.8506906032562256,,,,0.24198585748672485,0.008455254979386654,,0.6273139715194702,,,,,0.25983190536499023,outputs/flux_img2img/mb_319096_flux_img2img_s0.png,7.4,0.8704793453216553,
magicbrush,mb_393224,edit,flux_img2img,,,edit_mixed,0.8455182313919067,,,,0.1972624659538269,0.0052861711690499295,,0.8642204999923706,,,,,0.1893913298845291,outputs/flux_img2img/mb_393224_flux_img2img_s0.png,7.4,0.9120343923568726,
magicbrush,mb_122896,edit,flux_img2img,,,edit_mixed,0.8763511776924133,,,,0.24745702743530273,0.0039334701553416,,0.6700096130371094,,,,,0.34247708320617676,outputs/flux_img2img/mb_122896_flux_img2img_s0.png,7.5,0.8502131700515747,
magicbrush,mb_415314,edit,flux_img2img,,,edit_mixed,0.7086168527603149,,,,0.2840203046798706,0.018937193712933845,,0.43072909116744995,,,,,0.407698392868042,outputs/flux_img2img/mb_415314_flux_img2img_s0.png,7.5,0.6957677602767944,
magicbrush,mb_75065,edit,flux_img2img,,,edit_mixed,0.8145521283149719,,,,0.24838262796401978,0.010991052535719832,,0.766396164894104,,,,,0.27007758617401123,outputs/flux_img2img/mb_75065_flux_img2img_s0.png,7.5,0.8646068572998047,
magicbrush,mb_483587,edit,flux_img2img,,,edit_mixed,0.9096893072128296,,,,0.2491772472858429,0.003084058994856343,,0.8891758918762207,,,,,0.3227249085903168,outputs/flux_img2img/mb_483587_flux_img2img_s0.png,7.5,0.9279058575630188,
magicbrush,mb_393375,edit,flux_img2img,,,edit_mixed,0.7968798875808716,,,,0.25722387433052063,0.012286611099598544,,0.5156556963920593,,,,,0.33616381883621216,outputs/flux_img2img/mb_393375_flux_img2img_s0.png,7.6,0.7726916670799255,
magicbrush,mb_341070,edit,flux_img2img,,,edit_mixed,0.9653782248497009,,,,0.20457684993743896,0.0068480523663311,,0.9136945009231567,,,,,0.21444620192050934,outputs/flux_img2img/mb_341070_flux_img2img_s0.png,7.6,0.9577686190605164,
magicbrush,mb_237569,edit,flux_img2img,,,edit_mixed,0.9312427043914795,,,,0.2571069598197937,0.018239123382298446,,0.7777791023254395,,,,,0.18178972601890564,outputs/flux_img2img/mb_237569_flux_img2img_s0.png,7.6,0.8888705968856812,
magicbrush,mb_253975,edit,flux_img2img,,,edit_mixed,0.8589613437652588,,,,0.22904451191425323,0.01586173229918062,,0.5404302477836609,,,,,0.2103380411863327,outputs/flux_img2img/mb_253975_flux_img2img_s0.png,7.6,0.802863359451294,
magicbrush,mb_557105,edit,flux_img2img,,,edit_mixed,0.9030611515045166,,,,0.24867376685142517,0.005474342859022015,,0.35306283831596375,,,,,0.34064269065856934,outputs/flux_img2img/mb_557105_flux_img2img_s0.png,7.6,0.8418548703193665,
magicbrush,mb_77596,edit,flux_img2img,,,edit_mixed,0.9364032745361328,,,,0.2528734803199768,0.009912616493073702,,0.7514935731887817,,,,,0.2206321507692337,outputs/flux_img2img/mb_77596_flux_img2img_s0.png,7.6,0.9324951171875,
magicbrush,mb_7730,edit,flux_img2img,,,edit_mixed,0.931212306022644,,,,0.2463012933731079,0.019823660513419245,,0.6605342030525208,,,,,0.24709858000278473,outputs/flux_img2img/mb_7730_flux_img2img_s0.png,7.6,0.9122561812400818,
magicbrush,mb_369969,edit,flux_img2img,,,edit_mixed,0.7736911773681641,,,,0.23587092757225037,0.02682870459033286,,0.6749790906906128,,,,,0.30109089612960815,outputs/flux_img2img/mb_369969_flux_img2img_s0.png,7.6,0.8021707534790039,
magicbrush,mb_399759,edit,flux_img2img,,,edit_mixed,0.8361713886260986,,,,0.29678812623023987,0.010059332708369388,,0.6126257181167603,,,,,0.3226640820503235,outputs/flux_img2img/mb_399759_flux_img2img_s0.png,7.6,0.7762628793716431,
magicbrush,mb_57357,edit,flux_img2img,,,edit_mixed,0.8239484429359436,,,,0.3256051540374756,0.0025708511064567886,,0.5973997116088867,,,,,0.46786049008369446,outputs/flux_img2img/mb_57357_flux_img2img_s0.png,7.6,0.8593111634254456,
magicbrush,mb_553827,edit,flux_img2img,,,edit_mixed,0.830017626285553,,,,0.2914934456348419,0.005113126893027625,,0.4089677333831787,,,,,0.37388545274734497,outputs/flux_img2img/mb_553827_flux_img2img_s0.png,7.6,0.8553309440612793,
piebench,pie_1_0,edit,flux_img2img,,,object_replace,0.9694643616676331,,-0.02668929100036621,0.27338650822639465,0.24669721722602844,0.018185939228206046,,0.8599653244018555,,,,,0.2664650082588196,outputs/flux_img2img/pie_1_0_flux_img2img_s0.png,7.6,0.8851727247238159,
piebench,pie_1_1,edit,flux_img2img,,,object_replace,0.9277441501617432,,-0.07421404123306274,0.3487403988838196,0.27452635765075684,0.009680533855064037,,0.8847090601921082,,,,,0.21397951245307922,outputs/flux_img2img/pie_1_1_flux_img2img_s0.png,7.6,0.9327926635742188,
piebench,pie_1_2,edit,flux_img2img,,,object_replace,0.9567381143569946,,-0.11504963040351868,0.3036532998085022,0.18860366940498352,0.013231543519695809,,0.9297665357589722,,,,,0.1485331654548645,outputs/flux_img2img/pie_1_2_flux_img2img_s0.png,7.6,0.9487910270690918,
piebench,pie_2_0,edit,flux_img2img,,,object_add,0.9311178922653198,,0.045625537633895874,0.3379528224468231,0.383578360080719,0.01428382335007452,,0.8236708045005798,,,,,0.28357556462287903,outputs/flux_img2img/pie_2_0_flux_img2img_s0.png,7.6,0.960429310798645,
piebench,pie_2_1,edit,flux_img2img,,,object_add,0.8609575033187866,,0.07179397344589233,0.2658129334449768,0.33760690689086914,0.0026442186863210927,,0.8231695890426636,,,,,0.2780372202396393,outputs/flux_img2img/pie_2_1_flux_img2img_s0.png,7.5,0.8348230719566345,
piebench,pie_2_2,edit,flux_img2img,,,object_add,0.9224565625190735,,0.0007105469703674316,0.3233875036239624,0.32409805059432983,0.016690900265607878,,0.896701991558075,,,,,0.338528037071228,outputs/flux_img2img/pie_2_2_flux_img2img_s0.png,7.6,0.8970726132392883,
piebench,pie_3_0,edit,flux_img2img,,,object_remove,0.9466720819473267,,-0.05078914761543274,0.3041766285896301,0.2533874809741974,0.016795653405456967,,0.9243344664573669,,,,,0.07909978926181793,outputs/flux_img2img/pie_3_0_flux_img2img_s0.png,7.5,0.9775674343109131,
piebench,pie_3_1,edit,flux_img2img,,,object_remove,0.9589846730232239,,-0.08571803569793701,0.34679657220840454,0.26107853651046753,0.004713456690406416,,0.7190887928009033,,,,,0.1050582006573677,outputs/flux_img2img/pie_3_1_flux_img2img_s0.png,7.6,0.9681863784790039,
piebench,pie_3_2,edit,flux_img2img,,,object_remove,0.9682427644729614,,-0.06765821576118469,0.3752061426639557,0.307547926902771,0.005546934097469163,,0.8979300260543823,,,,,0.2651432752609253,outputs/flux_img2img/pie_3_2_flux_img2img_s0.png,7.6,0.9736754894256592,
piebench,pie_4_0,edit,flux_img2img,,,attribute,0.9680455923080444,,0.013533830642700195,0.3163543939590454,0.3298882246017456,0.006567927147965811,,0.9336605668067932,,,,,0.15233853459358215,outputs/flux_img2img/pie_4_0_flux_img2img_s0.png,7.5,0.9710118770599365,
piebench,pie_4_1,edit,flux_img2img,,,attribute,0.9120907783508301,,-0.0029450654983520508,0.2909334897994995,0.28798842430114746,0.06453260077002819,,0.8941642045974731,,,,,0.23321521282196045,outputs/flux_img2img/pie_4_1_flux_img2img_s0.png,7.5,0.9620321989059448,
piebench,pie_4_2,edit,flux_img2img,,,attribute,0.9424503445625305,,-0.031852900981903076,0.3381555676460266,0.30630266666412354,0.01973423146274212,,0.9326186180114746,,,,,0.13150933384895325,outputs/flux_img2img/pie_4_2_flux_img2img_s0.png,7.5,0.9400317668914795,
piebench,pie_6_0,edit,flux_img2img,,,color,0.9042108058929443,,-0.019155830144882202,0.3187309801578522,0.29957515001296997,0.04093899409760622,,0.7882155179977417,,,,,0.3059621751308441,outputs/flux_img2img/pie_6_0_flux_img2img_s0.png,7.5,0.9594398140907288,
piebench,pie_6_1,edit,flux_img2img,,,color,0.9467182755470276,,-0.028915107250213623,0.37717485427856445,0.34825974702835083,0.003922825834317946,,0.865717887878418,,,,,0.2700789272785187,outputs/flux_img2img/pie_6_1_flux_img2img_s0.png,7.5,0.9644681215286255,
piebench,pie_6_2,edit,flux_img2img,,,color,0.7602361440658569,,-0.029895514249801636,0.2984298765659332,0.2685343623161316,0.007283459944462351,,0.7545080184936523,,,,,0.3986215889453888,outputs/flux_img2img/pie_6_2_flux_img2img_s0.png,7.5,0.814302921295166,
piebench,pie_7_0,edit,flux_img2img,,,material,0.9422321319580078,,-0.029913395643234253,0.34320884943008423,0.31329545378685,0.011690700926305125,,0.8598092198371887,,,,,0.13618104159832,outputs/flux_img2img/pie_7_0_flux_img2img_s0.png,7.5,0.9450492858886719,
piebench,pie_7_1,edit,flux_img2img,,,material,0.9403047561645508,,-0.010240048170089722,0.3183167576789856,0.3080767095088959,0.0066087931111142644,,0.892928957939148,,,,,0.13875426352024078,outputs/flux_img2img/pie_7_1_flux_img2img_s0.png,7.6,0.9314671158790588,
piebench,pie_7_2,edit,flux_img2img,,,material,0.8942456245422363,,0.03425434231758118,0.3212324380874634,0.35548678040504456,0.009804006351176441,,0.9147680401802063,,,,,0.1930643767118454,outputs/flux_img2img/pie_7_2_flux_img2img_s0.png,7.5,0.9026625156402588,
piebench,pie_8_0,edit,flux_img2img,,,global,0.916800320148468,,-0.029191046953201294,0.31715822219848633,0.28796717524528503,0.0037408758942096536,,0.7671754956245422,,,,,0.14176107943058014,outputs/flux_img2img/pie_8_0_flux_img2img_s0.png,7.5,0.9483733773231506,
piebench,pie_8_1,edit,flux_img2img,,,global,0.92957603931427,,-0.0049727559089660645,0.37899917364120483,0.37402641773223877,0.0027866357807580233,,0.8566036224365234,,,,,0.2682854235172272,outputs/flux_img2img/pie_8_1_flux_img2img_s0.png,7.5,0.9157212972640991,
piebench,pie_8_2,edit,flux_img2img,,,global,0.9450215101242065,,0.011923611164093018,0.2963693141937256,0.3082929253578186,0.009063917455397415,,0.9117549657821655,,,,,0.18263843655586243,outputs/flux_img2img/pie_8_2_flux_img2img_s0.png,7.5,0.9252638816833496,
piebench,pie_9_0,edit,flux_img2img,,,style,0.9360626935958862,,0.011130541563034058,0.30890291929244995,0.320033460855484,0.004167294084718297,,0.6594533920288086,,,,,0.3149416148662567,outputs/flux_img2img/pie_9_0_flux_img2img_s0.png,7.5,0.929284930229187,
piebench,pie_9_1,edit,flux_img2img,,,style,0.9602463245391846,,0.00902441143989563,0.3016273081302643,0.3106517195701599,8.275340090786157e-05,,0.9774675369262695,,,,,0.017011865973472595,outputs/flux_img2img/pie_9_1_flux_img2img_s0.png,7.5,0.9872291088104248,
piebench,pie_9_2,edit,flux_img2img,,,style,0.970133900642395,,-0.04907572269439697,0.34728628396987915,0.2982105612754822,0.007150797345772734,,0.8155181407928467,,,,,0.26738595962524414,outputs/flux_img2img/pie_9_2_flux_img2img_s0.png,7.5,0.9663462042808533,
custom_leakage,leak_0_aligned,style,flux_redux,aligned,oil,style,0.44400012493133545,0.8864434361457825,,,0.23270943760871887,0.06590543346964359,0.040624452909466605,0.14569862186908722,0.7435330152511597,0.018030082591898835,0.8864434361457825,0.7435330152511597,0.7619324922561646,outputs/flux_redux/leak_0_aligned_flux_redux_s0.png,17.1,0.5628418326377869,0.9039762616157532
custom_leakage,leak_0_adversarial,style,flux_redux,adversarial,watercolor,style,0.3553585708141327,0.7885903120040894,,,0.22925350069999695,0.20687903941744407,0.10992245362703451,0.027538854628801346,0.6430988907814026,0.012214815274475736,0.7885903120040894,0.6430988907814026,0.7635722756385803,outputs/flux_redux/leak_0_adversarial_flux_redux_s0.png,17.2,0.47773146629333496,0.8015453815460205
custom_leakage,leak_1_aligned,style,flux_redux,aligned,oil,style,0.49155229330062866,0.7955172061920166,,,0.2406628578901291,0.1268210946677824,0.12996153276271388,0.02961196005344391,0.6490267515182495,0.016691631798907744,0.7955172061920166,0.6490267515182495,0.7238669395446777,outputs/flux_redux/leak_1_aligned_flux_redux_s0.png,17.3,0.4612870514392853,0.8588480353355408
custom_leakage,leak_1_adversarial,style,flux_redux,adversarial,watercolor,style,0.46742919087409973,0.7260210514068604,,,0.2268812656402588,0.14363690070692683,0.06231107676218686,-0.007264578714966774,0.6983680725097656,0.018208148533152967,0.7260210514068604,0.6983680725097656,0.7344957590103149,outputs/flux_redux/leak_1_adversarial_flux_redux_s0.png,17.3,0.49477070569992065,0.7675023078918457
custom_leakage,leak_2_aligned,style,flux_redux,aligned,impressionist,style,0.3670421540737152,0.7534292936325073,,,0.22800633311271667,0.08363149755478999,0.03941977321508898,0.07755353301763535,0.8075450658798218,0.0181348232886129,0.7534292936325073,0.8075450658798218,0.6589102745056152,outputs/flux_redux/leak_2_aligned_flux_redux_s0.png,17.4,0.6099725961685181,0.7966264486312866
custom_leakage,leak_2_adversarial,style,flux_redux,adversarial,watercolor,style,0.37845897674560547,0.7194843888282776,,,0.23114769160747528,0.059853761129299174,0.044888646675753506,-0.03728162869811058,0.5804241299629211,0.009733892103234113,0.7194843888282776,0.5804241299629211,0.7227609157562256,outputs/flux_redux/leak_2_adversarial_flux_redux_s0.png,17.4,0.49068307876586914,0.7638529539108276
custom_leakage,leak_3_aligned,style,flux_redux,aligned,impressionist,style,0.5038341283798218,0.812255322933197,,,0.2454850673675537,0.06472519968702994,0.031246646249598057,0.07741288840770721,0.6857696175575256,0.024322276214945718,0.812255322933197,0.6857696175575256,0.7152114510536194,outputs/flux_redux/leak_3_aligned_flux_redux_s0.png,17.4,0.40916916728019714,0.7792403697967529
custom_leakage,leak_3_adversarial,style,flux_redux,adversarial,abstract,style,0.5246407389640808,0.8562791347503662,,,0.2366742491722107,0.093685623698199,0.0774673268467094,-0.051813267171382904,0.7595798969268799,0.03260769443876689,0.8562791347503662,0.7595798969268799,0.7556782960891724,outputs/flux_redux/leak_3_adversarial_flux_redux_s0.png,17.4,0.4430909752845764,0.8285625576972961
custom_leakage,leak_4_aligned,style,flux_redux,aligned,oil,style,0.4555127024650574,0.8667241334915161,,,0.24303483963012695,0.3003533392056151,0.09563494119915994,-0.047581855207681656,0.6447133421897888,0.02605158948926785,0.8667241334915161,0.6447133421897888,0.7907938957214355,outputs/flux_redux/leak_4_aligned_flux_redux_s0.png,17.4,0.42163193225860596,0.7678227424621582
custom_leakage,leak_4_adversarial,style,flux_redux,adversarial,abstract,style,0.5653018355369568,0.8972070217132568,,,0.234063982963562,0.24128924616336284,0.09112337841361223,0.0001032613217830658,0.770563542842865,0.01651057585312263,0.8972070217132568,0.770563542842865,0.773678183555603,outputs/flux_redux/leak_4_adversarial_flux_redux_s0.png,17.3,0.4569877088069916,0.8596194982528687
custom_leakage,leak_5_aligned,style,flux_redux,aligned,impressionist,style,0.4481201767921448,0.7422047257423401,,,0.23239436745643616,0.1216516265551583,0.04498482631108042,0.039199650287628174,0.6854112148284912,0.012022003881643855,0.7422047257423401,0.6854112148284912,0.8206688761711121,outputs/flux_redux/leak_5_aligned_flux_redux_s0.png,17.3,0.47261226177215576,0.7569289207458496
custom_leakage,leak_5_adversarial,style,flux_redux,adversarial,abstract,style,0.4955892860889435,0.8225674629211426,,,0.2262691855430603,0.1665438253418275,0.11896433153934675,0.08051929622888565,0.6576439738273621,0.020435407124157166,0.8225674629211426,0.6576439738273621,0.7842366695404053,outputs/flux_redux/leak_5_adversarial_flux_redux_s0.png,17.3,0.5307812094688416,0.8528245687484741
custom_leakage,leak_6_aligned,style,flux_redux,aligned,watercolor,style,0.41226813197135925,0.7885903120040894,,,0.22925350069999695,0.09550020314927196,0.10992245362703451,0.06293699890375137,0.6430988907814026,0.012214815274475736,0.7885903120040894,0.6430988907814026,0.7404511570930481,outputs/flux_redux/leak_6_aligned_flux_redux_s0.png,17.3,0.5098220109939575,0.8015453815460205
custom_leakage,leak_6_adversarial,style,flux_redux,adversarial,oil,style,0.41170790791511536,0.8864434361457825,,,0.23270943760871887,0.08715352682839367,0.040624452909466605,-0.028981532901525497,0.7435330152511597,0.018030082591898835,0.8864434361457825,0.7435330152511597,0.8601171374320984,outputs/flux_redux/leak_6_adversarial_flux_redux_s0.png,17.3,0.5021770596504211,0.9039762616157532
custom_leakage,leak_7_aligned,style,flux_redux,aligned,watercolor,style,0.3914317488670349,0.7260210514068604,,,0.2268812656402588,0.10992180367900312,0.06231107676218686,-0.018751319497823715,0.6983680725097656,0.018208148533152967,0.7260210514068604,0.6983680725097656,0.6884180307388306,outputs/flux_redux/leak_7_aligned_flux_redux_s0.png,17.3,0.49667537212371826,0.7675023078918457
custom_leakage,leak_7_adversarial,style,flux_redux,adversarial,oil,style,0.42021340131759644,0.7955172061920166,,,0.2406628578901291,0.11472250419143107,0.12996153276271388,0.014462493360042572,0.6490267515182495,0.016691631798907744,0.7955172061920166,0.6490267515182495,0.76162189245224,outputs/flux_redux/leak_7_adversarial_flux_redux_s0.png,17.3,0.44404587149620056,0.8588480353355408
custom_leakage,leak_8_aligned,style,flux_redux,aligned,watercolor,style,0.34525662660598755,0.7194843888282776,,,0.23114769160747528,0.11998039705257289,0.044888646675753506,-0.02247629687190056,0.5804241299629211,0.009733892103234113,0.7194843888282776,0.5804241299629211,0.765857458114624,outputs/flux_redux/leak_8_aligned_flux_redux_s0.png,17.3,0.40715694427490234,0.7638529539108276
custom_leakage,leak_8_adversarial,style,flux_redux,adversarial,impressionist,style,0.34896525740623474,0.7534292936325073,,,0.22800633311271667,0.08079137267276311,0.03941977321508898,0.004766600206494331,0.8075450658798218,0.0181348232886129,0.7534292936325073,0.8075450658798218,0.7492976188659668,outputs/flux_redux/leak_8_adversarial_flux_redux_s0.png,17.3,0.4432166814804077,0.7966264486312866
custom_leakage,leak_9_aligned,style,flux_redux,aligned,abstract,style,0.43120864033699036,0.8562791347503662,,,0.2366742491722107,0.143517519115273,0.0774673268467094,-0.006342264823615551,0.7595798969268799,0.03260769443876689,0.8562791347503662,0.7595798969268799,0.763131320476532,outputs/flux_redux/leak_9_aligned_flux_redux_s0.png,17.3,0.41671425104141235,0.8285625576972961
custom_leakage,leak_9_adversarial,style,flux_redux,adversarial,impressionist,style,0.3151590824127197,0.812255322933197,,,0.2454850673675537,0.11520705256477656,0.031246646249598057,-0.08054449409246445,0.6857696175575256,0.024322276214945718,0.812255322933197,0.6857696175575256,0.8132289052009583,outputs/flux_redux/leak_9_adversarial_flux_redux_s0.png,17.3,0.3469294011592865,0.7792403697967529
custom_leakage,leak_0_aligned,style,flux_ipadapter,aligned,oil,style,0.38003888726234436,0.7427569627761841,,,0.2194952368736267,0.06900437842442039,0.07160357654612673,0.0658215880393982,0.33328235149383545,0.012335345250864506,0.7427569627761841,0.33328235149383545,0.6265358924865723,outputs/flux_ipadapter/leak_0_aligned_flux_ipadapter_s0.png,12.8,0.49538400769233704,0.7335217595100403
custom_leakage,leak_0_adversarial,style,flux_ipadapter,adversarial,watercolor,style,0.4065461754798889,0.788446843624115,,,0.2554624080657959,0.11708159774754645,0.08343842239611753,-0.0282735712826252,0.6176468133926392,0.013601070290954411,0.788446843624115,0.6176468133926392,0.6836449503898621,outputs/flux_ipadapter/leak_0_adversarial_flux_ipadapter_s0.png,12.5,0.5187593698501587,0.8031719923019409
custom_leakage,leak_1_aligned,style,flux_ipadapter,aligned,oil,style,0.4584810137748718,0.7704941034317017,,,0.2292509377002716,0.07040301059391134,0.08904883681671061,0.1090279370546341,0.4466007351875305,0.02086823190393558,0.7704941034317017,0.4466007351875305,0.7601031064987183,outputs/flux_ipadapter/leak_1_aligned_flux_ipadapter_s0.png,12.6,0.40674179792404175,0.765284538269043
custom_leakage,leak_1_adversarial,style,flux_ipadapter,adversarial,watercolor,style,0.4844517409801483,0.8260208368301392,,,0.23504510521888733,0.126580291775433,0.10917407089053788,0.13471992313861847,0.4867466688156128,0.017826391189738458,0.8260208368301392,0.4867466688156128,0.7254873514175415,outputs/flux_ipadapter/leak_1_adversarial_flux_ipadapter_s0.png,12.6,0.509080708026886,0.7705594897270203
custom_leakage,leak_2_aligned,style,flux_ipadapter,aligned,impressionist,style,0.5145586133003235,0.7466237545013428,,,0.22561344504356384,0.11278215881170267,0.032587001451712644,0.22668851912021637,0.7477087378501892,0.012837913101641256,0.7466237545013428,0.7477087378501892,0.7365195751190186,outputs/flux_ipadapter/leak_2_aligned_flux_ipadapter_s0.png,12.6,0.6970376968383789,0.7424666881561279
custom_leakage,leak_2_adversarial,style,flux_ipadapter,adversarial,watercolor,style,0.41140079498291016,0.7467361688613892,,,0.25066930055618286,0.11677041664727685,0.11170613286462655,-0.04823719710111618,0.5193584561347961,0.012153708036109986,0.7467361688613892,0.5193584561347961,0.701728343963623,outputs/flux_ipadapter/leak_2_adversarial_flux_ipadapter_s0.png,12.6,0.4324992299079895,0.6434302926063538
custom_leakage,leak_3_aligned,style,flux_ipadapter,aligned,impressionist,style,0.46611857414245605,0.7964381575584412,,,0.23229411244392395,0.07050478893218916,0.05057532153619995,0.09085794538259506,0.5684360265731812,0.009518351752119654,0.7964381575584412,0.5684360265731812,0.6686635613441467,outputs/flux_ipadapter/leak_3_aligned_flux_ipadapter_s0.png,12.6,0.5234037637710571,0.6413815021514893
custom_leakage,leak_3_adversarial,style,flux_ipadapter,adversarial,abstract,style,0.5200803875923157,0.8307818174362183,,,0.2602226734161377,0.07247879308684221,0.055741361817169176,0.0508890375494957,0.47546622157096863,0.033220209014054425,0.8307818174362183,0.47546622157096863,0.7215234637260437,outputs/flux_ipadapter/leak_3_adversarial_flux_ipadapter_s0.png,12.7,0.487059086561203,0.7876057624816895
custom_leakage,leak_4_aligned,style,flux_ipadapter,aligned,oil,style,0.42661502957344055,0.8146754503250122,,,0.23222026228904724,0.2223560870634555,0.23741977721361587,-0.031847745180130005,0.5763577222824097,0.015421768452672256,0.8146754503250122,0.5763577222824097,0.6939735412597656,outputs/flux_ipadapter/leak_4_aligned_flux_ipadapter_s0.png,12.7,0.42918092012405396,0.767396092414856
custom_leakage,leak_4_adversarial,style,flux_ipadapter,adversarial,abstract,style,0.5622466206550598,0.7723867297172546,,,0.24654078483581543,0.29684788315939625,0.19914369385851055,0.04815741255879402,0.3469775915145874,0.02107836042248952,0.7723867297172546,0.3469775915145874,0.7157858610153198,outputs/flux_ipadapter/leak_4_adversarial_flux_ipadapter_s0.png,12.7,0.5212579965591431,0.8198468089103699
custom_leakage,leak_5_aligned,style,flux_ipadapter,aligned,impressionist,style,0.44046080112457275,0.8219678401947021,,,0.23448821902275085,0.13666726764276219,0.09049648670997137,0.014591271057724953,0.6701806783676147,0.008045734482541185,0.8219678401947021,0.6701806783676147,0.7326096296310425,outputs/flux_ipadapter/leak_5_aligned_flux_ipadapter_s0.png,12.7,0.4423637390136719,0.7521164417266846
custom_leakage,leak_5_adversarial,style,flux_ipadapter,adversarial,abstract,style,0.5037922263145447,0.8146780133247375,,,0.24093341827392578,0.10969267295917007,0.20665887107598996,0.084952712059021,0.3818506896495819,0.010973817751419236,0.8146780133247375,0.3818506896495819,0.768936038017273,outputs/flux_ipadapter/leak_5_adversarial_flux_ipadapter_s0.png,12.7,0.5105957984924316,0.7978209257125854
custom_leakage,leak_6_aligned,style,flux_ipadapter,aligned,watercolor,style,0.4235721230506897,0.788446843624115,,,0.2554624080657959,0.036833973375513154,0.08343842239611753,-0.01040809415280819,0.6176468133926392,0.013601070290954411,0.788446843624115,0.6176468133926392,0.7123062610626221,outputs/flux_ipadapter/leak_6_aligned_flux_ipadapter_s0.png,12.6,0.5217779278755188,0.8031719923019409
custom_leakage,leak_6_adversarial,style,flux_ipadapter,adversarial,oil,style,0.36037391424179077,0.7427569627761841,,,0.2194952368736267,0.07967595684402562,0.07160357654612673,-0.020149722695350647,0.33328235149383545,0.012335345250864506,0.7427569627761841,0.33328235149383545,0.7780212163925171,outputs/flux_ipadapter/leak_6_adversarial_flux_ipadapter_s0.png,12.6,0.46694865822792053,0.7335217595100403
custom_leakage,leak_7_aligned,style,flux_ipadapter,aligned,watercolor,style,0.4077857732772827,0.8260208368301392,,,0.23504510521888733,0.14186524848296658,0.10917407089053788,-0.03661559522151947,0.4867466688156128,0.017826391189738458,0.8260208368301392,0.4867466688156128,0.7118425369262695,outputs/flux_ipadapter/leak_7_aligned_flux_ipadapter_s0.png,12.6,0.4753017723560333,0.7705594897270203
custom_leakage,leak_7_adversarial,style,flux_ipadapter,adversarial,oil,style,0.38546159863471985,0.7704941034317017,,,0.2292509377002716,0.09827018498157067,0.08904883681671061,-0.02067917212843895,0.4466007351875305,0.02086823190393558,0.7704941034317017,0.4466007351875305,0.7335399389266968,outputs/flux_ipadapter/leak_7_adversarial_flux_ipadapter_s0.png,12.6,0.40171438455581665,0.765284538269043
custom_leakage,leak_8_aligned,style,flux_ipadapter,aligned,watercolor,style,0.44429683685302734,0.7467361688613892,,,0.25066930055618286,0.10872657355080498,0.11170613286462655,0.012675230391323566,0.5193584561347961,0.012153708036109986,0.7467361688613892,0.5193584561347961,0.7567091584205627,outputs/flux_ipadapter/leak_8_aligned_flux_ipadapter_s0.png,12.6,0.4270094633102417,0.6434302926063538
custom_leakage,leak_8_adversarial,style,flux_ipadapter,adversarial,impressionist,style,0.36315280199050903,0.7466237545013428,,,0.22561344504356384,0.10670819975099217,0.032587001451712644,0.014983966015279293,0.7477087378501892,0.012837913101641256,0.7466237545013428,0.7477087378501892,0.7150384187698364,outputs/flux_ipadapter/leak_8_adversarial_flux_ipadapter_s0.png,12.6,0.44881317019462585,0.7424666881561279
custom_leakage,leak_9_aligned,style,flux_ipadapter,aligned,abstract,style,0.3965531885623932,0.8307818174362183,,,0.2602226734161377,0.14631147187059756,0.055741361817169176,-0.0310991108417511,0.47546622157096863,0.033220209014054425,0.8307818174362183,0.47546622157096863,0.7906081676483154,outputs/flux_ipadapter/leak_9_aligned_flux_ipadapter_s0.png,12.6,0.4157441556453705,0.7876057624816895
custom_leakage,leak_9_adversarial,style,flux_ipadapter,adversarial,impressionist,style,0.32495445013046265,0.7964381575584412,,,0.23229411244392395,0.16374579569722897,0.05057532153619995,-0.05715383216738701,0.5684360265731812,0.009518351752119654,0.7964381575584412,0.5684360265731812,0.8348230123519897,outputs/flux_ipadapter/leak_9_adversarial_flux_ipadapter_s0.png,12.6,0.3698744773864746,0.6413815021514893
magicbrush,mb_140513,edit,flux_kontext,,,edit_mixed,0.7620139718055725,,,,0.2404368668794632,0.0433451545657603,,0.6310410499572754,,,,,0.5919725298881531,outputs/flux_kontext/mb_140513_flux_kontext_s0.png,53.6,0.8337957859039307,
magicbrush,mb_319096,edit,flux_kontext,,,edit_mixed,0.9521191716194153,,,,0.26697397232055664,0.010307961280748908,,0.7942478656768799,,,,,0.12151456624269485,outputs/flux_kontext/mb_319096_flux_kontext_s0.png,54.4,0.9645016193389893,
magicbrush,mb_393224,edit,flux_kontext,,,edit_mixed,0.9890424609184265,,,,0.2048194706439972,0.00045298600635937706,,0.9996447563171387,,,,,0.0006876438856124878,outputs/flux_kontext/mb_393224_flux_kontext_s0.png,54.2,0.9997060298919678,
magicbrush,mb_122896,edit,flux_kontext,,,edit_mixed,0.9047414660453796,,,,0.26737427711486816,0.002863292446879378,,0.6608803868293762,,,,,0.12474949657917023,outputs/flux_kontext/mb_122896_flux_kontext_s0.png,54.0,0.8390172719955444,
magicbrush,mb_415314,edit,flux_kontext,,,edit_mixed,0.9898329973220825,,,,0.24811875820159912,0.002593647242171429,,0.9910491704940796,,,,,0.06438520550727844,outputs/flux_kontext/mb_415314_flux_kontext_s0.png,53.9,0.972931981086731,
magicbrush,mb_75065,edit,flux_kontext,,,edit_mixed,0.9844180345535278,,,,0.24525003135204315,0.0038279940926881665,,0.982681930065155,,,,,0.0143510103225708,outputs/flux_kontext/mb_75065_flux_kontext_s0.png,54.0,0.9817533493041992,
magicbrush,mb_483587,edit,flux_kontext,,,edit_mixed,0.9764837026596069,,,,0.2432381957769394,0.0015628050932327128,,0.9508036375045776,,,,,0.016019446775317192,outputs/flux_kontext/mb_483587_flux_kontext_s0.png,54.0,0.9603095650672913,
magicbrush,mb_393375,edit,flux_kontext,,,edit_mixed,0.9376060962677002,,,,0.25345057249069214,0.005781354658562633,,0.3878689408302307,,,,,0.07651269435882568,outputs/flux_kontext/mb_393375_flux_kontext_s0.png,54.0,0.8790626525878906,
magicbrush,mb_341070,edit,flux_kontext,,,edit_mixed,0.9935638904571533,,,,0.21541869640350342,0.007844417435491085,,0.9978989362716675,,,,,0.004461458884179592,outputs/flux_kontext/mb_341070_flux_kontext_s0.png,54.1,0.9980936050415039,
magicbrush,mb_237569,edit,flux_kontext,,,edit_mixed,0.9754918813705444,,,,0.2580816447734833,0.001502980740465467,,0.8980737328529358,,,,,0.24317431449890137,outputs/flux_kontext/mb_237569_flux_kontext_s0.png,54.1,0.9274117946624756,
magicbrush,mb_253975,edit,flux_kontext,,,edit_mixed,0.9450288414955139,,,,0.259255588054657,0.01780056353120301,,0.9499235153198242,,,,,0.13799737393856049,outputs/flux_kontext/mb_253975_flux_kontext_s0.png,54.0,0.8592853546142578,
magicbrush,mb_557105,edit,flux_kontext,,,edit_mixed,0.9795701503753662,,,,0.20814275741577148,0.007798690610124726,,0.6662262082099915,,,,,0.09342493861913681,outputs/flux_kontext/mb_557105_flux_kontext_s0.png,54.1,0.9652705788612366,
magicbrush,mb_77596,edit,flux_kontext,,,edit_mixed,0.9748575091362,,,,0.264274537563324,0.0126697883873651,,0.9355489015579224,,,,,0.1302267462015152,outputs/flux_kontext/mb_77596_flux_kontext_s0.png,54.0,0.9784169793128967,
magicbrush,mb_7730,edit,flux_kontext,,,edit_mixed,0.9029471278190613,,,,0.2689843773841858,0.006321646297755943,,0.4908629357814789,,,,,0.05589614063501358,outputs/flux_kontext/mb_7730_flux_kontext_s0.png,54.0,0.899519145488739,
magicbrush,mb_369969,edit,flux_kontext,,,edit_mixed,0.9225931167602539,,,,0.2798956632614136,0.022999392941061878,,0.9243929982185364,,,,,0.05869792401790619,outputs/flux_kontext/mb_369969_flux_kontext_s0.png,54.1,0.9178273677825928,
magicbrush,mb_399759,edit,flux_kontext,,,edit_mixed,0.9598867893218994,,,,0.2918616235256195,0.0013842312636374197,,0.9682294726371765,,,,,0.015280391089618206,outputs/flux_kontext/mb_399759_flux_kontext_s0.png,54.0,0.9449305534362793,
magicbrush,mb_57357,edit,flux_kontext,,,edit_mixed,0.9916346073150635,,,,0.30539971590042114,0.0008134698018055067,,0.9692752361297607,,,,,0.023889664560556412,outputs/flux_kontext/mb_57357_flux_kontext_s0.png,54.0,0.9614328145980835,
magicbrush,mb_553827,edit,flux_kontext,,,edit_mixed,0.9261583685874939,,,,0.3118577003479004,0.0025244910950786553,,0.706140398979187,,,,,0.09887661039829254,outputs/flux_kontext/mb_553827_flux_kontext_s0.png,53.9,0.9277764558792114,
piebench,pie_1_0,edit,flux_kontext,,,object_replace,0.8062201738357544,,0.016771703958511353,0.2685870826244354,0.2853587865829468,0.061329984288872985,,0.5908111333847046,,,,,0.5805730819702148,outputs/flux_kontext/pie_1_0_flux_kontext_s0.png,54.0,0.7026964426040649,
piebench,pie_1_1,edit,flux_kontext,,,object_replace,0.7821944952011108,,0.09719991683959961,0.25986960530281067,0.3570695221424103,0.12215048500047747,,0.388754278421402,,,,,0.5877924561500549,outputs/flux_kontext/pie_1_1_flux_kontext_s0.png,54.0,0.7616605162620544,
piebench,pie_1_2,edit,flux_kontext,,,object_replace,0.9557770490646362,,-0.06140810251235962,0.2993517816066742,0.23794367909431458,0.0023871889270711327,,0.9251612424850464,,,,,0.1736629605293274,outputs/flux_kontext/pie_1_2_flux_kontext_s0.png,54.0,0.9573657512664795,
piebench,pie_2_0,edit,flux_kontext,,,object_add,0.9130274653434753,,0.04117387533187866,0.33638879656791687,0.37756267189979553,0.008848124380692598,,0.8563282489776611,,,,,0.3933287262916565,outputs/flux_kontext/pie_2_0_flux_kontext_s0.png,54.0,0.9517785310745239,
piebench,pie_2_1,edit,flux_kontext,,,object_add,0.9211252927780151,,0.0482809841632843,0.2746657431125641,0.3229467272758484,0.001250945191649199,,0.9580521583557129,,,,,0.07611210644245148,outputs/flux_kontext/pie_2_1_flux_kontext_s0.png,53.8,0.9346559047698975,
piebench,pie_2_2,edit,flux_kontext,,,object_add,0.8431292772293091,,-0.003880798816680908,0.3305712342262268,0.3266904354095459,0.06140964222525666,,0.7514245510101318,,,,,0.6338790059089661,outputs/flux_kontext/pie_2_2_flux_kontext_s0.png,54.0,0.8580514788627625,
piebench,pie_3_0,edit,flux_kontext,,,object_remove,0.9818335175514221,,-0.04595467448234558,0.2997617721557617,0.25380709767341614,0.002872951217976137,,0.9850702285766602,,,,,0.006585086230188608,outputs/flux_kontext/pie_3_0_flux_kontext_s0.png,53.8,0.9826467633247375,
piebench,pie_3_1,edit,flux_kontext,,,object_remove,0.8480148315429688,,0.01987391710281372,0.27284833788871765,0.29272225499153137,0.33177852307583744,,0.5208781957626343,,,,,0.478887140750885,outputs/flux_kontext/pie_3_1_flux_kontext_s0.png,53.8,0.8308937549591064,
piebench,pie_3_2,edit,flux_kontext,,,object_remove,0.9962302446365356,,-0.05608990788459778,0.3710367977619171,0.31494688987731934,0.001896869618327488,,0.9994140863418579,,,,,0.0015698657371103764,outputs/flux_kontext/pie_3_2_flux_kontext_s0.png,54.0,0.998753547668457,
piebench,pie_4_0,edit,flux_kontext,,,attribute,0.9374722242355347,,0.017933964729309082,0.31684064865112305,0.33477461338043213,0.11092477497383621,,0.8096932172775269,,,,,0.2781831622123718,outputs/flux_kontext/pie_4_0_flux_kontext_s0.png,53.9,0.9737054109573364,
piebench,pie_4_1,edit,flux_kontext,,,attribute,0.9679856300354004,,-0.0041931867599487305,0.29188066720962524,0.2876874804496765,0.18313737052369045,,0.997004508972168,,,,,0.019277140498161316,outputs/flux_kontext/pie_4_1_flux_kontext_s0.png,53.9,0.9883654117584229,
piebench,pie_4_2,edit,flux_kontext,,,attribute,0.9684657454490662,,-0.025324881076812744,0.33873406052589417,0.3134091794490814,0.005934019273667119,,0.9970027208328247,,,,,0.02970171719789505,outputs/flux_kontext/pie_4_2_flux_kontext_s0.png,54.0,0.9767065048217773,
piebench,pie_6_0,edit,flux_kontext,,,color,0.8643125295639038,,0.0952613353729248,0.2759706974029541,0.3712320327758789,0.1606861817144064,,0.6668766736984253,,,,,0.4699173867702484,outputs/flux_kontext/pie_6_0_flux_kontext_s0.png,54.1,0.8393861651420593,
piebench,pie_6_1,edit,flux_kontext,,,color,0.8648834228515625,,0.08555012941360474,0.28237468004226685,0.3679248094558716,0.06548184583882577,,0.756155788898468,,,,,0.3606358766555786,outputs/flux_kontext/pie_6_1_flux_kontext_s0.png,54.0,0.9134930968284607,
piebench,pie_6_2,edit,flux_kontext,,,color,0.7756385803222656,,0.015391737222671509,0.3324836790561676,0.3478754162788391,0.09120395574414941,,0.5342738628387451,,,,,0.735532820224762,outputs/flux_kontext/pie_6_2_flux_kontext_s0.png,54.0,0.7441357970237732,
piebench,pie_7_0,edit,flux_kontext,,,material,0.7539523839950562,,0.08266377449035645,0.22405412793159485,0.3067179024219513,0.027965811652477475,,0.30229079723358154,,,,,0.5351313352584839,outputs/flux_kontext/pie_7_0_flux_kontext_s0.png,53.8,0.7263622283935547,
piebench,pie_7_1,edit,flux_kontext,,,material,0.9373241066932678,,-0.010396003723144531,0.33218905329704285,0.3217930495738983,0.14740255392445695,,0.8688559532165527,,,,,0.6578105688095093,outputs/flux_kontext/pie_7_1_flux_kontext_s0.png,54.1,0.8753764629364014,
piebench,pie_7_2,edit,flux_kontext,,,material,0.910837709903717,,0.04264599084854126,0.2991151213645935,0.34176111221313477,0.06911886590519259,,0.8715534210205078,,,,,0.42668232321739197,outputs/flux_kontext/pie_7_2_flux_kontext_s0.png,53.9,0.873889684677124,
piebench,pie_8_0,edit,flux_kontext,,,global,0.9865092039108276,,-0.029694944620132446,0.31416046619415283,0.2844655215740204,0.0008809014508868666,,0.9931961297988892,,,,,0.0016771811060607433,outputs/flux_kontext/pie_8_0_flux_kontext_s0.png,53.7,0.9845638275146484,
piebench,pie_8_1,edit,flux_kontext,,,global,0.9008474349975586,,0.0161343514919281,0.3027673363685608,0.3189016878604889,0.24817726035247495,,0.7594583034515381,,,,,0.7222936153411865,outputs/flux_kontext/pie_8_1_flux_kontext_s0.png,53.8,0.9096090793609619,
piebench,pie_8_2,edit,flux_kontext,,,global,0.9241741895675659,,0.024904727935791016,0.28489047288894653,0.30979520082473755,0.04345405289702389,,0.9064704179763794,,,,,0.2945477366447449,outputs/flux_kontext/pie_8_2_flux_kontext_s0.png,53.9,0.9120354056358337,
piebench,pie_9_0,edit,flux_kontext,,,style,0.9431909322738647,,0.031551361083984375,0.2864341735839844,0.31798553466796875,0.04575288270412906,,0.8206369876861572,,,,,0.3510199785232544,outputs/flux_kontext/pie_9_0_flux_kontext_s0.png,53.9,0.8576252460479736,
piebench,pie_9_1,edit,flux_kontext,,,style,0.7937775254249573,,0.0623246431350708,0.28772228956222534,0.35004693269729614,0.3321341691193904,,0.4184730648994446,,,,,0.6774876117706299,outputs/flux_kontext/pie_9_1_flux_kontext_s0.png,53.9,0.7900453805923462,
piebench,pie_9_2,edit,flux_kontext,,,style,0.9555697441101074,,-0.0446736216545105,0.3480401635169983,0.3033665418624878,0.15546204824811938,,0.9096007943153381,,,,,0.3395678699016571,outputs/flux_kontext/pie_9_2_flux_kontext_s0.png,53.9,0.9427844285964966,
custom_leakage,leak_0_aligned,style,flux_kontext,aligned,oil,style,0.829187273979187,0.6194185018539429,,,0.2406618744134903,0.27497382275990084,0.19633992242487344,0.8694323301315308,0.23984232544898987,0.01699500177211794,0.6194185018539429,0.23984232544898987,0.556097686290741,outputs/flux_kontext/leak_0_aligned_flux_kontext_s0.png,53.9,0.8151480555534363,0.696486234664917
custom_leakage,leak_0_adversarial,style,flux_kontext,adversarial,watercolor,style,0.7163307666778564,0.6143343448638916,,,0.2588968276977539,0.19804217729082532,0.1325874468579088,0.6924395561218262,0.22938236594200134,0.03787039203558494,0.6143343448638916,0.22938236594200134,0.7029969692230225,outputs/flux_kontext/leak_0_adversarial_flux_kontext_s0.png,54.1,0.7783273458480835,0.5561550259590149
custom_leakage,leak_1_aligned,style,flux_kontext,aligned,oil,style,0.9438943862915039,0.4530982971191406,,,0.225335031747818,0.06419601407441355,0.14108477533660285,0.9688929319381714,0.060027752071619034,0.023607498920242227,0.4530982971191406,0.060027752071619034,0.16224895417690277,outputs/flux_kontext/leak_1_aligned_flux_kontext_s0.png,53.9,0.9579727649688721,0.44276946783065796
custom_leakage,leak_1_adversarial,style,flux_kontext,adversarial,watercolor,style,0.9165359139442444,0.5273062586784363,,,0.21060098707675934,0.20742303499718695,0.05643771555144398,0.9259185791015625,0.0525723472237587,0.03160724813727402,0.5273062586784363,0.0525723472237587,0.24223202466964722,outputs/flux_kontext/leak_1_adversarial_flux_kontext_s0.png,54.0,0.901168942451477,0.49212026596069336
custom_leakage,leak_2_aligned,style,flux_kontext,aligned,impressionist,style,0.8395007848739624,0.4882954955101013,,,0.24613788723945618,0.05384034429416061,0.07108134831245337,0.7429049611091614,0.2606354355812073,0.0164570007199398,0.4882954955101013,0.2606354355812073,0.5271750688552856,outputs/flux_kontext/leak_2_aligned_flux_kontext_s0.png,53.9,0.8378126621246338,0.5965515375137329
custom_leakage,leak_2_adversarial,style,flux_kontext,adversarial,watercolor,style,0.8065980672836304,0.3368367850780487,,,0.2396044135093689,0.09824568744857373,0.1801319981950695,0.8236438632011414,-0.00800008699297905,0.0347058136560126,0.3368367850780487,-0.00800008699297905,0.4717755615711212,outputs/flux_kontext/leak_2_adversarial_flux_kontext_s0.png,54.1,0.8397501707077026,0.4166874289512634
custom_leakage,leak_3_aligned,style,flux_kontext,aligned,impressionist,style,0.8898814916610718,0.5483686327934265,,,0.24127326905727386,0.03601276202144689,0.06494630801324788,0.820587158203125,0.24168063700199127,0.01863797973989506,0.5483686327934265,0.24168063700199127,0.44672006368637085,outputs/flux_kontext/leak_3_aligned_flux_kontext_s0.png,53.8,0.7814123034477234,0.5752843618392944
custom_leakage,leak_3_adversarial,style,flux_kontext,adversarial,abstract,style,0.8514415621757507,0.5390619039535522,,,0.24230678379535675,0.06522527401589356,0.07875191013568558,0.71885085105896,0.07894770801067352,0.04386427592312234,0.5390619039535522,0.07894770801067352,0.4956313371658325,outputs/flux_kontext/leak_3_adversarial_flux_kontext_s0.png,53.8,0.7578292489051819,0.5410832166671753
custom_leakage,leak_4_aligned,style,flux_kontext,aligned,oil,style,0.8738142251968384,0.4767690896987915,,,0.2318035066127777,0.14687066720219924,0.2939396567528263,0.9138148427009583,-0.04882904142141342,0.03614833768540319,0.4767690896987915,-0.04882904142141342,0.30679798126220703,outputs/flux_kontext/leak_4_aligned_flux_kontext_s0.png,54.0,0.8552907705307007,0.39828288555145264
custom_leakage,leak_4_adversarial,style,flux_kontext,adversarial,abstract,style,0.7340136170387268,0.6380963921546936,,,0.26106709241867065,0.1375218265805021,0.2184006062222633,0.8116385340690613,0.10242384672164917,0.019392322515134914,0.6380963921546936,0.10242384672164917,0.5344232320785522,outputs/flux_kontext/leak_4_adversarial_flux_kontext_s0.png,53.9,0.7982258796691895,0.561748206615448
custom_leakage,leak_5_aligned,style,flux_kontext,aligned,impressionist,style,0.7571263909339905,0.5449731945991516,,,0.23155659437179565,0.049548938358565324,0.06844706085803808,0.8242524862289429,0.10938875377178192,0.026960588878987578,0.5449731945991516,0.10938875377178192,0.42430832982063293,outputs/flux_kontext/leak_5_aligned_flux_kontext_s0.png,53.8,0.8588089942932129,0.4887879192829132
custom_leakage,leak_5_adversarial,style,flux_kontext,adversarial,abstract,style,0.6811376810073853,0.5773066878318787,,,0.2528548836708069,0.10923899777482274,0.13428196201301065,0.7926146984100342,0.17534027993679047,0.012813437872387774,0.5773066878318787,0.17534027993679047,0.5486069321632385,outputs/flux_kontext/leak_5_adversarial_flux_kontext_s0.png,53.8,0.7991577982902527,0.547944962978363
custom_leakage,leak_6_aligned,style,flux_kontext,aligned,watercolor,style,0.5889742970466614,0.6406214833259583,,,0.26634347438812256,0.10055152487929897,0.09228745076161675,0.561426043510437,0.17294609546661377,0.060257718928131206,0.6406214833259583,0.17294609546661377,0.49732705950737,outputs/flux_kontext/leak_6_aligned_flux_kontext_s0.png,54.0,0.7489254474639893,0.6371111869812012
custom_leakage,leak_6_adversarial,style,flux_kontext,adversarial,oil,style,0.8373454213142395,0.4856734573841095,,,0.2298557162284851,0.1891954120503414,0.14780696290461542,0.8995633125305176,0.00823032297194004,0.02929667440018102,0.4856734573841095,0.00823032297194004,0.409188449382782,outputs/flux_kontext/leak_6_adversarial_flux_kontext_s0.png,53.8,0.8837640881538391,0.5409747362136841
custom_leakage,leak_7_aligned,style,flux_kontext,aligned,watercolor,style,0.8105399012565613,0.5386193990707397,,,0.2335061877965927,0.15000900077240029,0.052570126667343994,0.8981047868728638,0.022840281948447227,0.02812631974791554,0.5386193990707397,0.022840281948447227,0.30621764063835144,outputs/flux_kontext/leak_7_aligned_flux_kontext_s0.png,54.0,0.8767371773719788,0.48763275146484375
custom_leakage,leak_7_adversarial,style,flux_kontext,adversarial,oil,style,0.9456769227981567,0.345430850982666,,,0.1971428394317627,0.08059979179928768,0.1686936408885164,0.9311912655830383,0.0725691020488739,0.02219928342180657,0.345430850982666,0.0725691020488739,0.12678666412830353,outputs/flux_kontext/leak_7_adversarial_flux_kontext_s0.png,53.9,0.9316688179969788,0.3947928547859192
custom_leakage,leak_8_aligned,style,flux_kontext,aligned,watercolor,style,0.8334717154502869,0.46200090646743774,,,0.25972121953964233,0.10664281874771707,0.1566539501470937,0.9243684411048889,0.004032954573631287,0.020351719466825846,0.46200090646743774,0.004032954573631287,0.27552857995033264,outputs/flux_kontext/leak_8_aligned_flux_kontext_s0.png,54.0,0.8256164789199829,0.34869831800460815
custom_leakage,leak_8_adversarial,style,flux_kontext,adversarial,impressionist,style,0.8294909000396729,0.4909838140010834,,,0.24254652857780457,0.04182385702075381,0.08719345049710879,0.9122501611709595,0.07490526139736176,0.01887279939321657,0.4909838140010834,0.07490526139736176,0.41198697686195374,outputs/flux_kontext/leak_8_adversarial_flux_kontext_s0.png,53.8,0.8403574824333191,0.4496198296546936
custom_leakage,leak_9_aligned,style,flux_kontext,aligned,abstract,style,0.9472920894622803,0.4112546741962433,,,0.20437145233154297,0.17423714253998623,0.1641487778062013,0.9487529397010803,0.09329500794410706,0.0343828752125193,0.4112546741962433,0.09329500794410706,0.21394813060760498,outputs/flux_kontext/leak_9_aligned_flux_kontext_s0.png,53.9,0.940401554107666,0.47992098331451416
custom_leakage,leak_9_adversarial,style,flux_kontext,adversarial,impressionist,style,0.931926965713501,0.3013158142566681,,,0.2145349383354187,0.11991798998926223,0.11976422062855122,0.9276562333106995,0.0025916825979948044,0.008032563935453301,0.3013158142566681,0.0025916825979948044,0.2782057523727417,outputs/flux_kontext/leak_9_adversarial_flux_kontext_s0.png,53.8,0.9265267848968506,0.3614964187145233
custom_leakage,leak_0_aligned,style,styleid,aligned,oil,style,0.8352738618850708,0.5800923109054565,,,0.23204296827316284,0.020702219927576038,0.05536356406620238,0.9285657405853271,0.1986839771270752,0.01259610836606891,0.5800923109054565,0.1986839771270752,0.25684261322021484,outputs/styleid/leak_0_aligned_styleid_s0.png,6.2,0.903829038143158,0.7176207304000854
custom_leakage,leak_0_adversarial,style,styleid,adversarial,watercolor,style,0.7616488933563232,0.5417691469192505,,,0.21766617894172668,0.0460012786216578,0.09961150189947351,0.8985277414321899,0.13105949759483337,0.02851068918853404,0.5417691469192505,0.13105949759483337,0.41409897804260254,outputs/styleid/leak_0_adversarial_styleid_s0.png,6.0,0.8318174481391907,0.6325785517692566
custom_leakage,leak_1_aligned,style,styleid,aligned,oil,style,0.7917378544807434,0.507321834564209,,,0.22011709213256836,0.014874189124895453,0.09855844601796235,0.5666143894195557,0.13608801364898682,0.00934238631809433,0.507321834564209,0.13608801364898682,0.460064172744751,outputs/styleid/leak_1_aligned_styleid_s0.png,6.1,0.7452927827835083,0.516520619392395
custom_leakage,leak_1_adversarial,style,styleid,adversarial,watercolor,style,0.8070206642150879,0.6406754851341248,,,0.23123203217983246,0.04003763053750367,0.10643972555061078,0.525084912776947,0.17009541392326355,0.022198000772288253,0.6406754851341248,0.17009541392326355,0.6460065245628357,outputs/styleid/leak_1_adversarial_styleid_s0.png,6.1,0.7964444160461426,0.5940039157867432
custom_leakage,leak_2_aligned,style,styleid,aligned,impressionist,style,0.8462120294570923,0.559654712677002,,,0.222367525100708,0.0059435575768809375,0.08663649029696653,0.7590253353118896,0.3193027079105377,0.016910736892312733,0.559654712677002,0.3193027079105377,0.3598233461380005,outputs/styleid/leak_2_aligned_styleid_s0.png,6.2,0.879438579082489,0.6085855960845947
custom_leakage,leak_2_adversarial,style,styleid,adversarial,watercolor,style,0.8125989437103271,0.43870773911476135,,,0.2271536886692047,0.005811872881789437,0.060449177349452064,0.6612665057182312,0.2130548059940338,0.01085796556304868,0.43870773911476135,0.2130548059940338,0.4423252046108246,outputs/styleid/leak_2_adversarial_styleid_s0.png,6.2,0.8597462177276611,0.5496581196784973
custom_leakage,leak_3_aligned,style,styleid,aligned,impressionist,style,0.6816996335983276,0.5252116918563843,,,0.25203391909599304,0.011716327365803652,0.046572859985056225,0.5137863755226135,0.28922492265701294,0.010337362218914788,0.5252116918563843,0.28922492265701294,0.3618541657924652,outputs/styleid/leak_3_aligned_styleid_s0.png,6.2,0.7536910176277161,0.5889759659767151
custom_leakage,leak_3_adversarial,style,styleid,adversarial,abstract,style,0.7232378721237183,0.5253221988677979,,,0.2563413977622986,0.011260152466015028,0.04050205216688689,0.44356662034988403,0.2764270305633545,0.014156402840318705,0.5253221988677979,0.2764270305633545,0.542553722858429,outputs/styleid/leak_3_adversarial_styleid_s0.png,6.2,0.701092004776001,0.587279200553894
custom_leakage,leak_4_aligned,style,styleid,aligned,oil,style,0.7966630458831787,0.44669196009635925,,,0.22829829156398773,0.024603898605686448,0.27523946093284724,0.6855795383453369,0.0782548263669014,0.03328380572862189,0.44669196009635925,0.0782548263669014,0.27387747168540955,outputs/styleid/leak_4_aligned_styleid_s0.png,6.3,0.8264325261116028,0.36993706226348877
custom_leakage,leak_4_adversarial,style,styleid,adversarial,abstract,style,0.7472547292709351,0.6085448265075684,,,0.26011228561401367,0.04221859877010205,0.24623735335433733,0.6327983140945435,0.12842188775539398,0.010040892550337212,0.6085448265075684,0.12842188775539398,0.4056199789047241,outputs/styleid/leak_4_adversarial_styleid_s0.png,6.3,0.7931308746337891,0.5291699767112732
custom_leakage,leak_5_aligned,style,styleid,aligned,impressionist,style,0.5933830738067627,0.4940717816352844,,,0.2613418698310852,0.020367964731453848,0.07347953005459082,0.7423460483551025,0.27125221490859985,0.01061965086106327,0.4940717816352844,0.27125221490859985,0.3890380561351776,outputs/styleid/leak_5_aligned_styleid_s0.png,6.3,0.6986753940582275,0.5821336507797241
custom_leakage,leak_5_adversarial,style,styleid,adversarial,abstract,style,0.6405967473983765,0.5137267708778381,,,0.25095850229263306,0.029831803737920205,0.18227993934555517,0.7198044061660767,0.16603979468345642,0.020735321177457994,0.5137267708778381,0.16603979468345642,0.35050392150878906,outputs/styleid/leak_5_adversarial_styleid_s0.png,6.3,0.7192202806472778,0.5988944172859192
custom_leakage,leak_6_aligned,style,styleid,aligned,watercolor,style,0.7563445568084717,0.4932480454444885,,,0.19760173559188843,0.01244788619636951,0.06104681622138315,0.4865349531173706,0.23142683506011963,0.016610210284068894,0.4932480454444885,0.23142683506011963,0.5795342922210693,outputs/styleid/leak_6_aligned_styleid_s0.png,6.3,0.7792018055915833,0.5528863072395325
custom_leakage,leak_6_adversarial,style,styleid,adversarial,oil,style,0.7625508904457092,0.45815593004226685,,,0.21252569556236267,0.029369656555556872,0.04853472937469223,0.47010892629623413,0.24774515628814697,0.011121866409412703,0.45815593004226685,0.24774515628814697,0.5159579515457153,outputs/styleid/leak_6_adversarial_styleid_s0.png,6.3,0.7557450532913208,0.6627601981163025
custom_leakage,leak_7_aligned,style,styleid,aligned,watercolor,style,0.7415519952774048,0.5585092306137085,,,0.20724503695964813,0.028883325342796837,0.11037844137717505,0.7412437200546265,0.10089903324842453,0.013807056101762688,0.5585092306137085,0.10089903324842453,0.47351881861686707,outputs/styleid/leak_7_aligned_styleid_s0.png,6.3,0.730842649936676,0.5534690022468567
custom_leakage,leak_7_adversarial,style,styleid,adversarial,oil,style,0.7146239876747131,0.4542161226272583,,,0.21487218141555786,0.02927304095028537,0.09391442770919012,0.4617365002632141,0.205754354596138,0.012615080025435928,0.4542161226272583,0.205754354596138,0.4443291127681732,outputs/styleid/leak_7_adversarial_styleid_s0.png,6.3,0.7765185832977295,0.4711437225341797
custom_leakage,leak_8_aligned,style,styleid,aligned,watercolor,style,0.6784366965293884,0.6699995994567871,,,0.24540279805660248,0.0322605758910034,0.11083453761594715,0.5798413157463074,0.19846244156360626,0.00858724809526784,0.6699995994567871,0.19846244156360626,0.38855665922164917,outputs/styleid/leak_8_aligned_styleid_s0.png,6.3,0.7610893249511719,0.5585356950759888
custom_leakage,leak_8_adversarial,style,styleid,adversarial,impressionist,style,0.7140186429023743,0.5997004508972168,,,0.2370593249797821,0.0342588287694464,0.10539842277912126,0.4951848089694977,0.2782800495624542,0.011215916049709151,0.5997004508972168,0.2782800495624542,0.38861188292503357,outputs/styleid/leak_8_adversarial_styleid_s0.png,6.3,0.7766616940498352,0.5083459615707397
custom_leakage,leak_9_aligned,style,styleid,aligned,abstract,style,0.7565982341766357,0.4746079742908478,,,0.24167798459529877,0.04180328539082902,0.09805148051629259,0.8412126898765564,0.15624624490737915,0.010373998015085636,0.4746079742908478,0.15624624490737915,0.4190516471862793,outputs/styleid/leak_9_aligned_styleid_s0.png,6.3,0.8133306503295898,0.5838503837585449
custom_leakage,leak_9_adversarial,style,styleid,adversarial,impressionist,style,0.7265250086784363,0.3951066732406616,,,0.2360590547323227,0.06785997763524221,0.06604217476974861,0.704900324344635,0.12678265571594238,0.00825944428875697,0.3951066732406616,0.12678265571594238,0.43237629532814026,outputs/styleid/leak_9_adversarial_styleid_s0.png,6.3,0.7745803594589233,0.4676451086997986
