prompt_id,seed,step_index,node_i,jf,psnr_jump,psnr_cache,delta_psnr_jump_minus_cache,cost_jump,cost_cache,compute_saved,label_jump_helpful,sigma,delta_sigma,progress,remaining_steps,raw_rel_l1,acc_rel_l1,h_norm,h_norm_drift,h_cos_drift,refresh_distance,prev_action_code,src_rel_l1,tar_rel_l1,cos_hsrc_htar,rel_l1_src_tar,branch_asymmetry,dv_norm_proxy
geneval_single_object_1,0,10,10,1.048583984375,28.718,28.836,-0.118,6.193,6.211,0.018,1,0.771673858165741,-0.02796834707260132,0.35714285714285715,18.0,0.15234375,0.322265625,0.16796875,0.11794871794809857,0.005298256874084473,1.0,1.0,0.0,0.0,0.0,0.0,0.0,0.0
geneval_single_object_1,0,12,12,1.17431640625,28.524,28.031,0.493,5.175,5.193,0.018,1,0.714569628238678,-0.030378341674804688,0.42857142857142855,16.0,0.12109375,0.12109375,0.140625,0.08280254777016058,0.0035327672958374023,0.0,0.0,0.0,0.0,0.0,0.0,0.0,0.0
geneval_single_object_1,0,14,14,1.03729248046875,28.713,29.724,-1.011,5.14,5.158,0.018,0,0.652489423751831,-0.03311377763748169,0.5,14.0,0.11083984375,0.34033203125,0.12158203125,0.07089552238751792,0.0025034546852111816,2.0,1.0,0.0,0.0,0.0,0.0,0.0,0.0
geneval_single_object_1,0,16,16,1.185302734375,29.162,28.663,0.499,4.123,4.14,0.018,1,0.5847535133361816,-0.03623616695404053,0.5714285714285714,12.0,0.103515625,0.103515625,0.10791015625,0.06355932203334673,0.002011716365814209,0.0,0.0,0.0,0.0,0.0,0.0,0.0,0.0
geneval_single_object_1,0,18,18,1.06475830078125,30.727,30.74,-0.013,4.088,4.105,0.018,1,0.5105518102645874,-0.03982192277908325,0.6428571428571429,10.0,0.10009765625,0.29638671875,0.0966796875,0.05263157894685268,0.001930534839630127,2.0,1.0,0.0,0.0,0.0,0.0,0.0,0.0
geneval_single_object_1,0,20,20,1.18743896484375,29.41,29.386,0.024,3.07,3.088,0.018,1,0.4289122223854065,-0.043967485427856445,0.7142857142857143,8.0,0.10009765625,0.10009765625,0.0869140625,0.048128342245462204,0.0023232698440551758,0.0,0.0,0.0,0.0,0.0,0.0,0.0,0.0
geneval_single_object_1,0,22,22,1.03973388671875,30.351,32.541,-2.19,3.035,3.053,0.018,0,0.338657408952713,-0.04879581928253174,0.7857142857142857,6.0,0.123046875,0.33642578125,0.08056640625,0.03508771929782538,0.004467010498046875,2.0,1.0,0.0,0.0,0.0,0.0,0.0,0.0
geneval_single_object_1,0,24,24,1.1773681640625,31.712,30.873,0.838,2.018,2.035,0.018,1,0.23834773898124695,-0.05446554720401764,0.8571428571428571,4.0,0.1162109375,0.1162109375,0.07763671875,0.006249999999919999,0.005259275436401367,0.0,0.0,0.0,0.0,0.0,0.0,0.0,0.0
geneval_single_object_2,0,10,10,1.0406494140625,34.395,34.848,-0.453,6.193,6.211,0.018,0,0.771673858165741,-0.02796834707260132,0.35714285714285715,18.0,0.1591796875,0.3349609375,0.16015625,0.12765957446738976,0.005048274993896484,1.0,1.0,0.0,0.0,0.0,0.0,0.0,0.0
geneval_single_object_2,0,12,12,1.1688232421875,35.143,34.839,0.305,5.175,5.193,0.018,1,0.714569628238678,-0.030378341674804688,0.42857142857142855,16.0,0.1298828125,0.1298828125,0.12890625,0.1020408163258198,0.0034795403480529785,0.0,0.0,0.0,0.0,0.0,0.0,0.0,0.0
geneval_single_object_2,0,14,14,1.01837158203125,36.091,36.347,-0.256,5.14,5.158,0.018,0,0.652489423751831,-0.03311377763748169,0.5,14.0,0.12109375,0.37060546875,0.10791015625,0.08677685950339785,0.0026662349700927734,2.0,1.0,0.0,0.0,0.0,0.0,0.0,0.0
geneval_single_object_2,0,16,16,1.18072509765625,37.521,35.767,1.754,5.105,4.14,-0.965,1,0.5847535133361816,-0.03623616695404053,0.5714285714285714,12.0,0.11083984375,0.11083984375,0.09326171875,0.07281553397985861,0.002265632152557373,0.0,0.0,0.0,0.0,0.0,0.0,0.0,0.0
geneval_single_object_2,0,18,18,1.05377197265625,37.548,37.604,-0.056,4.088,4.105,0.018,1,0.5105518102645874,-0.03982192277908325,0.6428571428571429,10.0,0.10498046875,0.31396484375,0.08251953125,0.0611111111104158,0.0025847554206848145,2.0,1.0,0.0,0.0,0.0,0.0,0.0,0.0
geneval_single_object_2,0,20,20,1.1846923828125,36.774,36.698,0.077,3.07,3.088,0.018,1,0.4289122223854065,-0.043967485427856445,0.7142857142857143,8.0,0.1044921875,0.1044921875,0.07421875,0.04402515723213733,0.0032227039337158203,0.0,0.0,0.0,0.0,0.0,0.0,0.0,0.0
geneval_single_object_2,0,22,22,1.03302001953125,37.602,39.584,-1.982,3.035,3.053,0.018,0,0.338657408952713,-0.04879581928253174,0.7857142857142857,6.0,0.126953125,0.34716796875,0.0693359375,0.027397260273588287,0.005969643592834473,2.0,1.0,0.0,0.0,0.0,0.0,0.0,0.0
geneval_single_object_2,0,24,24,1.1785888671875,39.018,38.417,0.601,2.018,2.035,0.018,1,0.23834773898124695,-0.05446554720401764,0.8571428571428571,4.0,0.1142578125,0.1142578125,0.068359375,0.0,0.005608499050140381,0.0,0.0,0.0,0.0,0.0,0.0,0.0,0.0
geneval_two_object_1,0,10,10,1.046142578125,29.326,29.678,-0.352,6.193,6.211,0.018,0,0.771673858165741,-0.02796834707260132,0.35714285714285715,18.0,0.1552734375,0.326171875,0.16015625,0.1229946524057436,0.005204677581787109,1.0,1.0,0.0,0.0,0.0,0.0,0.0,0.0
geneval_two_object_1,0,12,12,1.17401123046875,30.902,30.649,0.253,5.175,5.193,0.018,1,0.714569628238678,-0.030378341674804688,0.42857142857142855,16.0,0.12158203125,0.12158203125,0.1328125,0.08108108108052009,0.0034926533699035645,0.0,0.0,0.0,0.0,0.0,0.0,0.0,0.0
geneval_two_object_1,0,14,14,1.03179931640625,30.533,31.541,-1.008,5.14,5.158,0.018,0,0.652489423751831,-0.03311377763748169,0.5,14.0,0.11376953125,0.34912109375,0.11328125,0.07569721115476084,0.002609431743621826,2.0,1.0,0.0,0.0,0.0,0.0,0.0,0.0
geneval_two_object_1,0,16,16,1.180419921875,31.88,31.744,0.136,4.123,4.14,0.018,1,0.5847535133361816,-0.03623616695404053,0.5714285714285714,12.0,0.111328125,0.111328125,0.099609375,0.06849315068429099,0.0023122429847717285,0.0,0.0,0.0,0.0,0.0,0.0,0.0,0.0
geneval_two_object_1,0,18,18,1.05438232421875,33.213,33.06,0.153,4.088,4.105,0.018,1,0.5105518102645874,-0.03982192277908325,0.6428571428571429,10.0,0.1015625,0.31298828125,0.08935546875,0.05181347150204086,0.002254664897918701,2.0,1.0,0.0,0.0,0.0,0.0,0.0,0.0
geneval_two_object_1,0,20,20,1.18682861328125,32.732,32.676,0.056,3.07,3.088,0.018,1,0.4289122223854065,-0.043967485427856445,0.7142857142857143,8.0,0.10107421875,0.10107421875,0.0810546875,0.040462427745185735,0.002637147903442383,0.0,0.0,0.0,0.0,0.0,0.0,0.0,0.0
geneval_two_object_1,0,22,22,1.04248046875,33.534,35.515,-1.981,3.035,3.053,0.018,0,0.338657408952713,-0.04879581928253174,0.7857142857142857,6.0,0.1240234375,0.33203125,0.076171875,0.031055900620722963,0.0047876834869384766,2.0,1.0,0.0,0.0,0.0,0.0,0.0,0.0
geneval_two_object_1,0,24,24,1.1773681640625,34.807,34.166,0.642,2.018,2.035,0.018,1,0.23834773898124695,-0.05446554720401764,0.8571428571428571,4.0,0.1162109375,0.1162109375,0.07421875,0.006535947712330813,0.005588710308074951,0.0,0.0,0.0,0.0,0.0,0.0,0.0,0.0
geneval_two_object_2,0,10,10,1.04248046875,32.699,32.991,-0.292,6.193,6.211,0.018,0,0.771673858165741,-0.02796834707260132,0.35714285714285715,18.0,0.158203125,0.33203125,0.158203125,0.13368983957146044,0.004789829254150391,1.0,1.0,0.0,0.0,0.0,0.0,0.0,0.0
geneval_two_object_2,0,12,12,1.1688232421875,35.404,35.163,0.241,5.175,5.193,0.018,1,0.714569628238678,-0.030378341674804688,0.42857142857142855,16.0,0.1298828125,0.1298828125,0.126953125,0.09722222222153086,0.003152310848236084,0.0,0.0,0.0,0.0,0.0,0.0,0.0,0.0
geneval_two_object_2,0,14,14,1.01318359375,36.668,36.721,-0.052,5.14,5.158,0.018,1,0.652489423751831,-0.03311377763748169,0.5,14.0,0.1279296875,0.37890625,0.103515625,0.09787234042467896,0.0025934576988220215,2.0,1.0,0.0,0.0,0.0,0.0,0.0,0.0
geneval_two_object_2,0,16,16,1.1810302734375,37.758,36.506,1.252,5.105,4.14,-0.965,1,0.5847535133361816,-0.03623616695404053,0.5714285714285714,12.0,0.1103515625,0.1103515625,0.08837890625,0.07653061224409828,0.002150118350982666,0.0,0.0,0.0,0.0,0.0,0.0,0.0,0.0
geneval_two_object_2,0,18,18,1.04949951171875,38.421,38.36,0.061,4.088,4.105,0.018,1,0.5105518102645874,-0.03982192277908325,0.6428571428571429,10.0,0.11083984375,0.32080078125,0.0771484375,0.06508875739566093,0.0028405189514160156,2.0,1.0,0.0,0.0,0.0,0.0,0.0,0.0
geneval_two_object_2,0,20,20,1.18408203125,37.996,37.908,0.088,3.07,3.088,0.018,1,0.4289122223854065,-0.043967485427856445,0.7142857142857143,8.0,0.10546875,0.10546875,0.0693359375,0.04697986577116634,0.0035753250122070312,0.0,0.0,0.0,0.0,0.0,0.0,0.0,0.0
geneval_two_object_2,0,22,22,1.0333251953125,38.983,40.667,-1.683,3.035,3.053,0.018,0,0.338657408952713,-0.04879581928253174,0.7857142857142857,6.0,0.1298828125,0.3466796875,0.06494140625,0.029197080291534335,0.006871938705444336,2.0,1.0,0.0,0.0,0.0,0.0,0.0,0.0
geneval_two_object_2,0,24,24,1.17889404296875,39.9,39.336,0.565,2.018,2.035,0.018,1,0.23834773898124695,-0.05446554720401764,0.8571428571428571,4.0,0.11376953125,0.11376953125,0.064453125,0.0076335877861402005,0.005788862705230713,0.0,0.0,0.0,0.0,0.0,0.0,0.0,0.0
geneval_counting_1,0,10,10,1.0467529296875,27.302,27.663,-0.36,6.193,6.211,0.018,0,0.771673858165741,-0.02796834707260132,0.35714285714285715,18.0,0.1533203125,0.3251953125,0.1640625,0.12041884816689366,0.005318999290466309,1.0,1.0,0.0,0.0,0.0,0.0,0.0,0.0
geneval_counting_1,0,12,12,1.1749267578125,29.65,29.579,0.071,5.175,5.193,0.018,1,0.714569628238678,-0.030378341674804688,0.42857142857142855,16.0,0.1201171875,0.1201171875,0.13671875,0.08496732026086924,0.0035704970359802246,0.0,0.0,0.0,0.0,0.0,0.0,0.0,0.0
geneval_counting_1,0,14,14,1.03363037109375,31.278,31.428,-0.15,5.14,5.158,0.018,1,0.652489423751831,-0.03311377763748169,0.5,14.0,0.1142578125,0.34619140625,0.1171875,0.07692307692247101,0.0026547908782958984,2.0,1.0,0.0,0.0,0.0,0.0,0.0,0.0
geneval_counting_1,0,16,16,1.18377685546875,33.811,32.585,1.225,5.105,4.14,-0.965,1,0.5847535133361816,-0.03623616695404053,0.5714285714285714,12.0,0.10595703125,0.10595703125,0.103515625,0.06607929515358885,0.0021639466285705566,0.0,0.0,0.0,0.0,0.0,0.0,0.0,0.0
geneval_counting_1,0,18,18,1.05804443359375,34.366,34.382,-0.015,4.088,4.105,0.018,1,0.5105518102645874,-0.03982192277908325,0.6428571428571429,10.0,0.1064453125,0.30712890625,0.09228515625,0.05970149253670513,0.0024404525756835938,2.0,1.0,0.0,0.0,0.0,0.0,0.0,0.0
geneval_counting_1,0,20,20,1.18408203125,36.659,33.899,2.759,4.053,3.088,-0.965,1,0.4289122223854065,-0.043967485427856445,0.7142857142857143,8.0,0.10546875,0.10546875,0.0830078125,0.05027932960836328,0.0030665993690490723,0.0,0.0,0.0,0.0,0.0,0.0,0.0,0.0
geneval_counting_1,0,22,22,1.0302734375,35.2,36.681,-1.482,3.035,3.053,0.018,0,0.338657408952713,-0.04879581928253174,0.7857142857142857,6.0,0.1298828125,0.3515625,0.07763671875,0.024539877300305164,0.005850851535797119,2.0,1.0,0.0,0.0,0.0,0.0,0.0,0.0
geneval_counting_1,0,24,24,1.17401123046875,36.028,35.476,0.551,2.018,2.035,0.018,1,0.23834773898124695,-0.05446554720401764,0.8571428571428571,4.0,0.12158203125,0.12158203125,0.0751953125,0.006451612903140561,0.00649648904800415,0.0,0.0,0.0,0.0,0.0,0.0,0.0,0.0
